entity_type,support,tp,fp,fn,precision,recall,f1
PERSON,64,52,15,12,0.7761194029850746,0.8125,0.7938931297709924
ORGANIZATION,53,48,9,5,0.8421052631578947,0.9056603773584906,0.8727272727272727
DATE,33,29,1,4,0.9666666666666667,0.8787878787878788,0.9206349206349207
LOCATION,33,25,7,8,0.78125,0.7575757575757576,0.7692307692307692
MONEY,19,19,2,0,0.9047619047619048,1.0,0.9500000000000001
EMAIL,9,9,6,0,0.6,1.0,0.7499999999999999
ID_NUMBER,6,1,0,5,1.0,0.16666666666666666,0.2857142857142857
TIME,6,6,7,0,0.46153846153846156,1.0,0.631578947368421
USERNAME,6,5,0,1,1.0,0.8333333333333334,0.9090909090909091
IP_ADDRESS,6,2,0,4,1.0,0.3333333333333333,0.5
PRODUCT,5,5,3,0,0.625,1.0,0.7692307692307693
LAW,4,4,4,0,0.5,1.0,0.6666666666666666
FAC,4,1,2,3,0.3333333333333333,0.25,0.28571428571428575
PERCENT,4,4,0,0,1.0,1.0,1.0
URL,4,3,3,1,0.5,0.75,0.6
LANGUAGE,4,4,2,0,0.6666666666666666,1.0,0.8
EVENT,3,2,10,1,0.16666666666666666,0.6666666666666666,0.26666666666666666
NATIONALITY,3,2,2,1,0.5,0.6666666666666666,0.5714285714285715
ORDINAL,2,0,1,2,0.0,0.0,0.0
WORK_OF_ART,2,1,0,1,1.0,0.5,0.6666666666666666
PHONE_NUMBER,2,2,0,0,1.0,1.0,1.0
BANK_ACCOUNT,2,1,0,1,1.0,0.5,0.6666666666666666
QUANTITY,1,1,0,0,1.0,1.0,1.0
AGE,1,1,0,0,1.0,1.0,1.0
CREDIT_CARD,1,1,0,0,1.0,1.0,1.0
PASSPORT_NUMBER,1,0,1,1,0.0,0.0,0.0
